{"stats":{"minecraft:custom":{"minecraft:jump":15,"minecraft:time_since_rest":1132,"minecraft:damage_dealt":10,"minecraft:sprint_one_cm":4248,"minecraft:play_time":1132,"minecraft:time_since_death":1132,"minecraft:walk_one_cm":1075,"minecraft:total_world_time":1132,"minecraft:drop":2,"minecraft:fly_one_cm":3520},"minecraft:mined":{"minecraft:grass":12,"minecraft:tall_grass":7,"minecraft:grass_block":1},"minecraft:dropped":{"minecraft:wheat_seeds":2},"minecraft:picked_up":{"minecraft:wheat_seeds":2,"minecraft:dirt":1},"minecraft:used":{"minecraft:dirt":1}},"DataVersion":3465}